{
    "sensor": "temp_c",
    "boundaries": [
        27.5,
        28.0,
        28.5,
        28.79999924,
        29.10000038,
        29.39999962,
        29.70000076,
        29.89999962,
        30.10000038,
        30.29999924,
        30.60000038,
        30.89999962,
        31.20000076,
        31.39999962,
        31.60000038,
        31.89999962,
        32.09999847,
        32.40000153,
        32.70000076
    ],
    "TM": {
        "1,1,1,1,1,1": 0.7585024913888239,
        "1,1,1,1,1,2": 0.8478260869565217,
        "1,1,1,1,1,9": 0.5432098765432098,
        "1,1,1,1,2,1": 0.9032258064516129,
        "1,1,1,1,2,2": 0.8450704225352113,
        "1,1,1,1,9,1": 0.5625,
        "1,1,1,1,9,8": 0.0,
        "1,1,1,1,9,9": 0.5538461538461539,
        "1,1,1,2,1,1": 0.8571428571428571,
        "1,1,1,2,1,2": 0.9333333333333333,
        "1,1,1,2,2,1": 0.8571428571428571,
        "1,1,1,2,2,2": 0.8493150684931506,
        "1,1,1,9,1,1": 0.5,
        "1,1,1,9,1,9": 1.0,
        "1,1,1,9,8,8": 0.0,
        "1,1,1,9,9,1": 1.0,
        "1,1,1,9,9,9": 0.5507246376811594,
        "1,1,2,1,1,1": 0.8095238095238095,
        "1,1,2,1,1,2": 0.7777777777777778,
        "1,1,2,1,2,1": 1.0,
        "1,1,2,1,2,2": 0.9166666666666666,
        "1,1,2,2,1,1": 1.0,
        "1,1,2,2,1,2": 0.7142857142857143,
        "1,1,2,2,2,1": 0.8888888888888888,
        "1,1,2,2,2,2": 0.8666666666666667,
        "1,1,9,1,1,1": 0.5555555555555556,
        "1,1,9,1,1,9": 0.0,
        "1,1,9,1,9,1": 1.0,
        "1,1,9,1,9,9": 1.0,
        "1,1,9,8,8,8": 0.0,
        "1,1,9,9,1,1": 1.0,
        "1,1,9,9,1,9": 1.0,
        "1,1,9,9,9,1": 0.0,
        "1,1,9,9,9,9": 0.5492957746478874,
        "1,2,1,1,1,1": 0.75,
        "1,2,1,1,1,2": 0.7142857142857143,
        "1,2,1,1,2,1": 0.6666666666666666,
        "1,2,1,1,2,2": 0.8571428571428571,
        "1,2,1,2,1,1": 0.75,
        "1,2,1,2,1,2": 1.0,
        "1,2,1,2,2,1": 1.0,
        "1,2,1,2,2,2": 0.9166666666666666,
        "1,2,2,1,1,1": 1.0,
        "1,2,2,1,2,1": 0.6,
        "1,2,2,1,2,2": 0.6666666666666666,
        "1,2,2,2,1,1": 1.0,
        "1,2,2,2,1,2": 0.75,
        "1,2,2,2,2,1": 0.5,
        "1,2,2,2,2,2": 0.8846153846153846,
        "1,9,1,1,1,1": 0.55,
        "1,9,1,1,1,9": 0.7,
        "1,9,1,1,9,1": 0.3333333333333333,
        "1,9,1,1,9,9": 0.0,
        "1,9,1,9,1,1": 1.0,
        "1,9,1,9,9,9": 1.0,
        "1,9,8,8,8,9": 0.0,
        "1,9,9,1,1,1": 1.0,
        "1,9,9,1,1,9": 1.0,
        "1,9,9,1,9,1": 0.5,
        "1,9,9,1,9,9": 1.0,
        "1,9,9,9,1,1": 0.5,
        "1,9,9,9,1,9": 0.5,
        "1,9,9,9,9,1": 1.0,
        "1,9,9,9,9,8": 1.0,
        "1,9,9,9,9,9": 0.6049382716049383,
        "2,1,1,1,1,1": 0.8333333333333334,
        "2,1,1,1,1,2": 1.0,
        "2,1,1,1,2,1": 0.8,
        "2,1,1,1,2,2": 0.8888888888888888,
        "2,1,1,2,1,1": 0.6666666666666666,
        "2,1,1,2,1,2": 1.0,
        "2,1,1,2,2,1": 0.6666666666666666,
        "2,1,1,2,2,2": 1.0,
        "2,1,2,1,1,1": 0.6,
        "2,1,2,1,1,2": 0.75,
        "2,1,2,1,2,1": 0.6666666666666666,
        "2,1,2,1,2,2": 1.0,
        "2,1,2,2,1,1": 1.0,
        "2,1,2,2,1,2": 0.5,
        "2,1,2,2,2,1": 1.0,
        "2,1,2,2,2,2": 0.8787878787878788,
        "2,2,1,1,1,1": 0.881578947368421,
        "2,2,1,1,1,2": 1.0,
        "2,2,1,1,2,1": 0.8333333333333334,
        "2,2,1,1,2,2": 1.0,
        "2,2,1,2,1,1": 0.6,
        "2,2,1,2,1,2": 0.8,
        "2,2,1,2,2,1": 0.5,
        "2,2,1,2,2,2": 0.8636363636363636,
        "2,2,2,1,1,1": 0.8767123287671232,
        "2,2,2,1,1,2": 0.9230769230769231,
        "2,2,2,1,2,1": 0.7,
        "2,2,2,1,2,2": 0.85,
        "2,2,2,2,1,1": 0.875,
        "2,2,2,2,1,2": 0.8076923076923077,
        "2,2,2,2,2,1": 0.8823529411764706,
        "2,2,2,2,2,2": 0.8961650145188745,
        "2,2,2,2,2,3": 0.7540983606557377,
        "2,2,2,2,3,2": 0.7222222222222222,
        "2,2,2,2,3,3": 0.782608695652174,
        "2,2,2,3,2,2": 0.6,
        "2,2,2,3,2,3": 0.875,
        "2,2,2,3,3,2": 0.8888888888888888,
        "2,2,2,3,3,3": 0.7567567567567568,
        "2,2,3,2,2,2": 0.4444444444444444,
        "2,2,3,2,2,3": 1.0,
        "2,2,3,2,3,2": 1.0,
        "2,2,3,2,3,3": 0.8333333333333334,
        "2,2,3,3,2,2": 0.8333333333333334,
        "2,2,3,3,2,3": 1.0,
        "2,2,3,3,3,2": 1.0,
        "2,2,3,3,3,3": 0.7567567567567568,
        "2,3,2,2,2,2": 0.6,
        "2,3,2,2,3,3": 1.0,
        "2,3,2,3,2,2": 1.0,
        "2,3,2,3,3,2": 0.5,
        "2,3,2,3,3,3": 0.8,
        "2,3,3,2,2,2": 0.75,
        "2,3,3,2,3,2": 1.0,
        "2,3,3,2,3,3": 1.0,
        "2,3,3,3,2,2": 1.0,
        "2,3,3,3,2,3": 1.0,
        "2,3,3,3,3,2": 0.5,
        "2,3,3,3,3,3": 0.782608695652174,
        "3,1,1,1,1,1": 1.0,
        "3,2,2,2,2,2": 0.7,
        "3,2,2,2,2,3": 1.0,
        "3,2,2,3,2,2": 0.5,
        "3,2,2,3,3,2": 1.0,
        "3,2,2,3,3,3": 1.0,
        "3,2,3,2,2,2": 0.8333333333333334,
        "3,2,3,2,3,3": 0.0,
        "3,2,3,3,2,2": 0.5,
        "3,2,3,3,3,2": 1.0,
        "3,2,3,3,3,3": 0.8181818181818182,
        "3,3,1,1,1,1": 1.0,
        "3,3,2,2,2,2": 0.75,
        "3,3,2,2,3,2": 0.5,
        "3,3,2,3,2,2": 0.75,
        "3,3,2,3,2,3": 0.0,
        "3,3,2,3,3,3": 0.8571428571428571,
        "3,3,3,1,1,1": 1.0,
        "3,3,3,2,2,2": 0.75,
        "3,3,3,2,2,3": 0.5,
        "3,3,3,2,3,2": 0.75,
        "3,3,3,2,3,3": 0.75,
        "3,3,3,3,1,1": 1.0,
        "3,3,3,3,2,2": 0.725,
        "3,3,3,3,2,3": 0.7142857142857143,
        "3,3,3,3,3,1": 1.0,
        "3,3,3,3,3,2": 0.7333333333333333,
        "3,3,3,3,3,3": 0.5412733825296036,
        "3,3,3,3,3,4": 0.5869565217391305,
        "3,3,3,3,3,7": 1.0,
        "3,3,3,3,4,3": 0.5,
        "3,3,3,3,4,4": 0.5853658536585366,
        "3,3,3,3,7,7": 1.0,
        "3,3,3,4,3,3": 0.6666666666666666,
        "3,3,3,4,3,4": 0.3333333333333333,
        "3,3,3,4,4,3": 0.5,
        "3,3,3,4,4,4": 0.5909090909090909,
        "3,3,3,7,7,7": 1.0,
        "3,3,4,3,3,3": 0.6666666666666666,
        "3,3,4,3,4,3": 0.0,
        "3,3,4,3,4,4": 0.5,
        "3,3,4,4,3,3": 0.5,
        "3,3,4,4,4,3": 0.0,
        "3,3,4,4,4,4": 0.5909090909090909,
        "3,3,7,7,7,7": 1.0,
        "3,4,3,3,3,3": 0.2,
        "3,4,3,3,3,4": 1.0,
        "3,4,3,4,3,3": 0.0,
        "3,4,3,4,4,4": 0.5,
        "3,4,4,3,3,3": 0.75,
        "3,4,4,4,3,3": 0.0,
        "3,4,4,4,4,3": 0.0,
        "3,4,4,4,4,4": 0.6,
        "3,7,7,7,7,7": 1.0,
        "4,3,3,3,3,3": 0.5434782608695652,
        "4,3,3,3,3,4": 0.0,
        "4,3,3,3,4,4": 0.6,
        "4,3,3,4,4,4": 0.0,
        "4,3,4,3,3,3": 0.0,
        "4,3,4,4,3,3": 1.0,
        "4,3,4,4,4,4": 0.5,
        "4,4,3,3,3,3": 0.5714285714285714,
        "4,4,3,3,3,4": 0.5,
        "4,4,3,3,4,4": 0.0,
        "4,4,3,4,3,3": 0.0,
        "4,4,3,4,4,3": 1.0,
        "4,4,4,3,3,3": 0.5476190476190477,
        "4,4,4,3,3,4": 0.0,
        "4,4,4,3,4,3": 0.0,
        "4,4,4,3,4,4": 1.0,
        "4,4,4,4,3,3": 0.5476190476190477,
        "4,4,4,4,3,4": 0.5,
        "4,4,4,4,4,3": 0.5555555555555556,
        "4,4,4,4,4,4": 0.5036194415718718,
        "4,4,4,4,4,5": 0.6857142857142857,
        "4,4,4,4,5,4": 0.68,
        "4,4,4,4,5,5": 0.6458333333333334,
        "4,4,4,5,4,4": 0.6470588235294118,
        "4,4,4,5,4,5": 0.75,
        "4,4,4,5,5,4": 0.5714285714285714,
        "4,4,4,5,5,5": 0.6808510638297872,
        "4,4,5,4,4,4": 0.6153846153846154,
        "4,4,5,4,4,5": 0.8,
        "4,4,5,4,5,5": 0.8,
        "4,4,5,5,4,4": 0.5714285714285714,
        "4,4,5,5,4,5": 0.6,
        "4,4,5,5,5,4": 0.42857142857142855,
        "4,4,5,5,5,5": 0.6666666666666666,
        "4,5,4,4,4,4": 0.6190476190476191,
        "4,5,4,4,4,5": 1.0,
        "4,5,4,4,5,4": 1.0,
        "4,5,4,4,5,5": 0.75,
        "4,5,4,5,4,4": 0.5,